enchanting gifted rich thankful famous zealous energetic worrisome cautious good
determined clever famous dark terrible panicky terrible gleaming obnoxious clever
old-fashioned nutty enchanting old-fashioned defiant successful calm jolly embarrassed curious
gifted charming clumsy exuberant dull condemned inquisitive fair shy nasty
graceful cheerful cruel worried splendid cautious horrible silly combative lazy
muddy beautiful attractive alert defiant friendly shy scary dangerous successful
joyous relieved important outrageous impossible brainy confused nutty combative stupid
frantic sparkling weary plain condemned aggressive ugly aggressive spotless tender
tame brave eager puzzled strange blue crowded angry tender vast
fierce thoughtless relieved smoggy combative wicked grumpy arrogant bad victorious
envious tense important anxious black disgusted hurt gifted easy arrogant
beast deer animal welfare bobcat multicellular animals porifera darter insect monster
dinosaur llamas varmint farming fish animals wild dinosaur eukaryotic demon
elephants thoroughbred dinosaur marineanimal plant chordate tiger animal welfare thoroughbred creature
demon eukaryotic epizootic eukaryotic poikilotherm heterotroph multicellular zoo insect pig
elephants tame reptile vegan workanimal bear insect vertebrate wildlife animals
primate carnivore chickens beast bobcat creature tufted vertebrate animals chickens
bug frog animatebeing darter marineanimal zoo varmint wild vegan eukaryotic
frog jellyfish vertebrate pigs frog fish jellyfish iguana puppy insectivore
mythical tiger tufted mammals zooplankton pet amphibians workanimal llamas tufted
rodent vertebrate octopuses fantasy wild hourse vegan wild poikilotherm rabbit
biped insectivore fantasy animals scavenger sensual pitbull chickens porifera predatoryanimal
Moccasin MediumOrchid Teal Feldspar LavenderBlush Black Beige DimGray OldLace Orange
SpringGreen SkyBlue LightGoldenrod DodgerBlue PapayaWhip SlateBlue Violet AliceBlue LightCoral Crimson
LightGoldenrod LawnGreen LightCyan BlanchedAlmond MediumBlue WhiteSmoke MediumBlue MintCream Orchid DarkOliveGreen
Silver HotPink Burlywood Orchid LightSlateBlue Peru SlateBlue LightGoldenrodYellow LightGray Brown
LightGray DarkSalmon DarkKhaki ForestGreen Brown DarkOrange Ivory Firebrick LightSeaGreen Gray
DarkFuchsia LightSkyBlue Burlywood Lime Seashell DarkCyan DarkSeaGreen MediumVioletRed DarkGray LightSkyBlue
Ivory RoyalBlue Turquoise Gold Azure RoyalBlue LightSlateBlue PaleVioletRed PaleTurquoise DarkKhaki
LightBlue Black AliceBlue Gold Salmon PaleTurquoise Gold Azure Beige Chocolate
Olive LightBlue Khaki Khaki PaleTurquoise MediumSlateBlue Khaki Crimson LightSteelBlue Cyan
OldLace DarkBlue Burlywood MediumSlateBlue Feldspar LightPink LavenderBlush Indigo CadetBlue MediumTurquoise
SteelBlue Thistle PaleGoldenrod DarkViolet PeachPuff MediumSlateBlue PaleTurquoise DarkOrchid SaddleBrown HotPink
SquareNumber_10000 SquareNumber_5476 SquareNumber_5184 SquareNumber_324 SquareNumber_8100 SquareNumber_100 SquareNumber_196 SquareNumber_1296 SquareNumber_1849 SquareNumber_1849
SquareNumber_361 SquareNumber_5184 SquareNumber_10000 SquareNumber_400 SquareNumber_5776 SquareNumber_256 SquareNumber_4900 SquareNumber_4225 SquareNumber_1024 SquareNumber_1225
SquareNumber_8281 SquareNumber_3721 SquareNumber_5776 SquareNumber_6561 SquareNumber_5929 SquareNumber_169 SquareNumber_10000 SquareNumber_841 SquareNumber_1156 SquareNumber_9604
SquareNumber_3844 SquareNumber_1936 SquareNumber_4624 SquareNumber_7225 SquareNumber_100 SquareNumber_441 SquareNumber_2500 SquareNumber_7396 SquareNumber_196 SquareNumber_3364
SquareNumber_9604 SquareNumber_2601 SquareNumber_2116 SquareNumber_324 SquareNumber_1764 SquareNumber_7225 SquareNumber_4096 SquareNumber_2916 SquareNumber_6241 SquareNumber_3025
SquareNumber_1296 SquareNumber_1444 SquareNumber_1849 SquareNumber_7225 SquareNumber_3481 SquareNumber_4356 SquareNumber_16 SquareNumber_1089 SquareNumber_484 SquareNumber_8100
SquareNumber_729 SquareNumber_4 SquareNumber_2500 SquareNumber_1849 SquareNumber_225 SquareNumber_64 SquareNumber_6724 SquareNumber_256 SquareNumber_1681 SquareNumber_4096
SquareNumber_1156 SquareNumber_1521 SquareNumber_196 SquareNumber_4624 SquareNumber_6241 SquareNumber_1369 SquareNumber_6400 SquareNumber_8649 SquareNumber_400 SquareNumber_64
SquareNumber_10000 SquareNumber_1600 SquareNumber_2916 SquareNumber_7225 SquareNumber_9 SquareNumber_4356 SquareNumber_1600 SquareNumber_4624 SquareNumber_3364 SquareNumber_1849
SquareNumber_2304 SquareNumber_400 SquareNumber_5625 SquareNumber_3969 SquareNumber_9216 SquareNumber_5184 SquareNumber_4225 SquareNumber_1369 SquareNumber_5476 SquareNumber_676
SquareNumber_3844 SquareNumber_169 SquareNumber_1936 SquareNumber_2304 SquareNumber_3600 SquareNumber_3025 SquareNumber_361 SquareNumber_121 SquareNumber_2601 SquareNumber_144
Apricot Nectarine Rambutan  Banana Blackcurrant Tamarillo Honeydew Breadfruit Huckleberry Kiwano
Passionfruit Jackfruit Strawberry Salmonberry Lime Banana Guava Redcurrant Marionberry Mangosteen
Guava Banana Tangerine Pawpaw Apple Plum Mulberry Pear Passionfruit Raisin
Tangelo Huckleberry Peach Date Acerola Huckleberry Grapefruit Guava Blackcurrant Pomelo
Melon Clementine Tamarillo Kumquat Mangosteen Kiwifruit Melon Lemon Passionfruit Jostaberry
Satsuma Tayberry Raspberry Huckleberry Canistel Jujube Peach Cantaloupe Akebi Papaya
Acerola Pineberry Feijoa Guava Boysenberry Lemon Acerola Canistel Persimmon Currant
Raspberry Melon Currant Orange Cherry Acerola Honeydew Mango Soursop Cranberry
Elderberry Tamarind Grape Passionfruit Rambutan  Araza Mandarine Lemon Lychee Cherry
Blackcurrant Boysenberry Açaí Lemon Tangerine Salmonberry Tangerine Canistel Damson Salmonberry
Sapote Durian Ackee Blackberry Mangosteen Honeyberry Cantaloupe Pawpaw Mandarine Sapote
milk meat cheese nutrient nourishment meals animal fruits vegetables beef pasta
seafood eat fruits vegetables vegetable beef edible nutrient restaurant drinks nutrition
cooking cheese meals chicken cheese meal fruits vegetables chicken seafood fruits vegetables
chicken fruit meals vegetable rice provender nutrition rice cheese restaurant
plant vegetable fruits vegetables beef rice soup vegetable nutrition milk chicken
rice milk meals vegetable cooking meals meals restaurant meat vegetable
milk chicken plant cereal rice restaurant nutrient nutrient beef eat
nutrition seafood seafood victuals seafood fruit cooking provender meals soup
restaurant nourishment restaurant animal nutrient cheese provender vegetable pasta nutrient
edible cereal vegetable nourishment sushi beef plant nutrition milk milk
provender milk milk cooking nourishment pasta plant edible meat cooking
sportaccord hobby judo class suit hiking events limited athlete polo
hobby wipeout form action gym fitness fun action referee organization
wipeout challenge boulder limited gamely martial esports game lead sportsmanship
chess referee performance challenge concert gym tournaments skylark class run
bike kill exercises comfort dive champion offside company hobbies players
culture athletes tournaments game supersport funambulism entertainment games physical ski
football disport volleyball company goal esports horseracing suit games art
goal dance lead multisport referee dance game tournaments skylark run
triathlon gamely champion players field rugby dive champion skylark movement
rugby badminton motorcycling skiing dance boast gamely muscle work soccer
romp casual luge yoga utility romp rugby lark archery team
tweedle bugle jazzfunk atonal violoncello playing cadence clarion favorite singer
sound music film muse rhapsody song opera bhangra cadence beat
hip singers songs accompaniment tonic visual muses festival tongue noise
cello harmonize blues rhythm release favorite hymn soundtracks albums saxophone
media editing speak intonation ska conduct bebop conducting movie beats
intonation vocals hiphop cultural popular music key rhythm design albums favorite
sonata polyphony radio paleolithic conducting tongue atonality tuba band song
rockabilly concertize ambient harp bpm band funk rhapsody dixieland classical
madrigal jazzfunk conduct sonata melody entertainment trio tuba merch pianist
podcast festival works section sound lyric vinyl concerts techno albums
harmonize tuba genre instrument medicine atmosphere speak tongue clarion reharmonize
BinaryNumber_1010010 BinaryNumber_0010011 BinaryNumber_1000111 BinaryNumber_1000001 BinaryNumber_0111100 BinaryNumber_0100101 BinaryNumber_0010111 BinaryNumber_0110000 BinaryNumber_0010100 BinaryNumber_0001000
BinaryNumber_0010010 BinaryNumber_0101100 BinaryNumber_0000000 BinaryNumber_0100000 BinaryNumber_0101011 BinaryNumber_1010100 BinaryNumber_0000101 BinaryNumber_0111010 BinaryNumber_1001001 BinaryNumber_0010001
BinaryNumber_0100001 BinaryNumber_0110110 BinaryNumber_1000000 BinaryNumber_0110011 BinaryNumber_1001100 BinaryNumber_1011011 BinaryNumber_0010101 BinaryNumber_0000001 BinaryNumber_0010010 BinaryNumber_1001111
BinaryNumber_0011010 BinaryNumber_0110110 BinaryNumber_0001000 BinaryNumber_0110000 BinaryNumber_1100001 BinaryNumber_0000101 BinaryNumber_0110011 BinaryNumber_1000001 BinaryNumber_0001010 BinaryNumber_0010001
BinaryNumber_0111101 BinaryNumber_0110001 BinaryNumber_0001111 BinaryNumber_0111101 BinaryNumber_0110011 BinaryNumber_1001001 BinaryNumber_0100000 BinaryNumber_1000111 BinaryNumber_0110111 BinaryNumber_0111101
BinaryNumber_1000111 BinaryNumber_1011110 BinaryNumber_1011111 BinaryNumber_1001100 BinaryNumber_1010001 BinaryNumber_1010110 BinaryNumber_0101101 BinaryNumber_1000111 BinaryNumber_1011110 BinaryNumber_0101011
BinaryNumber_0111100 BinaryNumber_0101111 BinaryNumber_0011110 BinaryNumber_0001000 BinaryNumber_1011011 BinaryNumber_0110110 BinaryNumber_1001101 BinaryNumber_1100001 BinaryNumber_0111001 BinaryNumber_0111000
BinaryNumber_0100011 BinaryNumber_1011011 BinaryNumber_0010100 BinaryNumber_0000101 BinaryNumber_0010011 BinaryNumber_0101011 BinaryNumber_0010110 BinaryNumber_1010010 BinaryNumber_0001001 BinaryNumber_0111001
BinaryNumber_0011001 BinaryNumber_1100000 BinaryNumber_0010011 BinaryNumber_0001110 BinaryNumber_0110010 BinaryNumber_0100100 BinaryNumber_1001101 BinaryNumber_1010101 BinaryNumber_0110001 BinaryNumber_1000010
BinaryNumber_0000011 BinaryNumber_1001010 BinaryNumber_0001010 BinaryNumber_1100011 BinaryNumber_0000011 BinaryNumber_0100000 BinaryNumber_1001011 BinaryNumber_0100000 BinaryNumber_0001110 BinaryNumber_0010100
BinaryNumber_1100000 BinaryNumber_0000100 BinaryNumber_0101000 BinaryNumber_0101001 BinaryNumber_0100111 BinaryNumber_1010100 BinaryNumber_0011011 BinaryNumber_0110110 BinaryNumber_0101001 BinaryNumber_1011111
