BinaryNumber_0000110 BinaryNumber_1011011 BinaryNumber_0111101 BinaryNumber_1000101 BinaryNumber_0010100 BinaryNumber_0001011 BinaryNumber_0010011 BinaryNumber_1000001 BinaryNumber_1000001 BinaryNumber_1001110
BinaryNumber_0100001 BinaryNumber_0111110 BinaryNumber_1001000 BinaryNumber_0011010 BinaryNumber_1011101 BinaryNumber_0001011 BinaryNumber_1001001 BinaryNumber_1010101 BinaryNumber_1100011 BinaryNumber_0000001
BinaryNumber_1001101 BinaryNumber_0100101 BinaryNumber_0000001 BinaryNumber_0101010 BinaryNumber_1001110 BinaryNumber_0001000 BinaryNumber_1000010 BinaryNumber_0001001 BinaryNumber_0100101 BinaryNumber_0000010
BinaryNumber_0000001 BinaryNumber_0000001 BinaryNumber_0111101 BinaryNumber_1000101 BinaryNumber_1000111 BinaryNumber_0000010 BinaryNumber_0010111 BinaryNumber_1011011 BinaryNumber_1000111 BinaryNumber_1010100
BinaryNumber_0110000 BinaryNumber_0010011 BinaryNumber_1000010 BinaryNumber_0011011 BinaryNumber_1011110 BinaryNumber_0010001 BinaryNumber_0011011 BinaryNumber_0010111 BinaryNumber_0101011 BinaryNumber_0011111
BinaryNumber_0111011 BinaryNumber_0000101 BinaryNumber_0100110 BinaryNumber_1011100 BinaryNumber_1001100 BinaryNumber_0101110 BinaryNumber_1001000 BinaryNumber_0011011 BinaryNumber_1000010 BinaryNumber_0010110
BinaryNumber_0010010 BinaryNumber_0010001 BinaryNumber_0011110 BinaryNumber_0110011 BinaryNumber_1000100 BinaryNumber_0001110 BinaryNumber_1000011 BinaryNumber_0100100 BinaryNumber_0011101 BinaryNumber_0111101
BinaryNumber_1011010 BinaryNumber_1011000 BinaryNumber_0100111 BinaryNumber_0110101 BinaryNumber_0010111 BinaryNumber_1011011 BinaryNumber_0110010 BinaryNumber_0000110 BinaryNumber_1001001 BinaryNumber_1100010
BinaryNumber_0010100 BinaryNumber_0001101 BinaryNumber_1011000 BinaryNumber_0110110 BinaryNumber_0010000 BinaryNumber_0011101 BinaryNumber_1011001 BinaryNumber_1010011 BinaryNumber_0110111 BinaryNumber_1100011
BinaryNumber_0110001 BinaryNumber_0001110 BinaryNumber_1100010 BinaryNumber_0111011 BinaryNumber_0000011 BinaryNumber_1000101 BinaryNumber_0101101 BinaryNumber_1100010 BinaryNumber_0100000 BinaryNumber_1001101
BinaryNumber_0100011 BinaryNumber_0110110 BinaryNumber_0000000 BinaryNumber_1000100 BinaryNumber_0000000 BinaryNumber_0100001 BinaryNumber_1000010 BinaryNumber_1011101 BinaryNumber_1000011 BinaryNumber_1011111
Couch Seat Throne Frieze Footrest cubbies Drapes Drapes Hutch Tansu
Divan Bowfront Clock Ottoman Seat Screen Mirror Wheelchair Table Bentwood
Pliant Waterbed Bureau Hassock Console Pillow Lintel Regency Mantle Bookcase
Bureau Hammock Buffet Cradle Headboards Bureau Stool Baroque Rack Tansu
Bookcase Bergere Credenza Mattress Pliant Sideboard Wheelchair Hokey Rack Volute
Bureau Buffet Breakfront Couch Couch Bergere Tansu Etagère Cushion Hutch
Rack Sofa Mantle Waterbed Cushion Rack Bowfront Drapes Buffet Headboard
Hassock Credenza cubbies Marquetry Footrest Mirror Couch Bench Mattress Desk
Seat Vanity Bookshelf Pliant Regency Lamp Cushion Fauteuil Lintel Footstool
Highchair Bergere Daybed Cradle Bed Ottoman Easel Baroque Loveseat Applique
Marquetry Footstool Sconce Crib Headboards Dresser Inlay Antique Air-conditioner Mantle
Nerves Thalamus Uterus Analcanal Iris Cerebrum Innerear Interstitium Tonsils Vulva
Penis Largeintestine Scrotum Uterus Larynx Smallintestine Pons Tonsils Thalamus Lens
Midbrain Fallopiantubes Earlobe Ovaries Larynx Vulva Hypothalamus Jejunum Cervix Outerear
Gallbladder Heart Mouth Bladder Nerves Pharynx Placenta Esophagus Ciliarybody Urethra
Ovaries Thymus Thalamus Vulva Teeth Tastebuds Cervix Muscle Cochlea Lens
Tastebuds Pons Iris Veins Earlobe Ovaries Innerear Arteries Trachea Lymphaticvessel
Middleear Pons Ligaments Ear Uterus Outerear Ear Vagina Urethra Tendons
Tongue Innerear Spleen Tonsils Stomach Thymus Cochlea Cranialnerves Veins Esophagus
Uterus Ligaments Scrotum Thalamus Cervix Tongue Thymus Lymphaticvessel Veins Pharynx
Outerear Cochlea Ovaries Fallopiantubes Lungs Outerear Capillaries Veins Gallbladder Iris
Ovaries Middleear Ileum Nerves Thalamus Ureter Lymphaticvessel Trachea Tastebuds Innerear
football bouldering company mutant fitness referee triathlon career fast offside
premium league video motorcycling basketball entertainment feature run waterski fitness
skill events lead feature exercise suit social career supersport ineligible
lifestyle athletics athletic horseracing music badminton hunting downfield casual skateboarding
events utility movement soccerball club dynamic hiking tournaments disport music
activities waterski shoot culture esport events industry snowboarding exercises judo
cavort coach sportsmanship esports dance run industry judo players hunting
gambol combat pack motorsports triathlon frolic hunters cross cavort activity
shoot active video company class activity cavort players tournament dive
downfield events blazers football romp exercises frolic standard bike romp
mutant diver badminton events sportaccord competitive art suit run game
worrisome precious gleaming drab ashamed wide-eyed aggressive distinct cautious misty
kind rich concerned different gifted victorious condemned wide-eyed lively angry
misty bloody distinct inquisitive thoughtless energetic cheerful defiant alive evil
gifted enthusiastic spotless different energetic lazy poor hilarious elegant disgusted
hungry lonely super fierce modern unusual agreeable wide-eyed lazy poor
alert witty vast bad dizzy fragile precious sleepy hilarious colorful
inquisitive lonely curious frightened real glamorous bloody attractive old-fashioned alert
repulsive combative troubled quaint successful impossible awful upset determined thoughtless
tough magnificent relieved thoughtful wicked brainy creepy nasty blushing ill
wandering sore selfish inexpensive grumpy energetic uptight joyous unsightly real
brainy jealous adventurous sleepy ugliest zealous graceful jittery outrageous silly
beef victuals fruits vegetables milk seafood drinks victuals meal seafood nutrition
meals fruit nutrition pasta fruits vegetables rice pasta seafood cheese eat
restaurant eat chicken soup soup meal animal seafood drinks meal
pasta meals nourishment restaurant plant rice victuals sushi restaurant eat
vegetable victuals soup fruits vegetables drinks eat meals chicken drinks milk
nourishment chicken vegetable nutrient provender seafood nourishment fruits vegetables provender pasta
milk nourishment fruit rice plant chicken milk restaurant plant nourishment
fruits vegetables chicken plant seafood meal milk meat plant soup vegetable
provender fruit beef rice soup cheese rice victuals restaurant vegetable
meal eat victuals restaurant drinks soup animal eat drinks provender
meal nutrient seafood fruits vegetables soup pasta victuals fruits vegetables chicken milk
SquareNumber_1681 SquareNumber_676 SquareNumber_8836 SquareNumber_4900 SquareNumber_6724 SquareNumber_1024 SquareNumber_5184 SquareNumber_81 SquareNumber_7744 SquareNumber_1521
SquareNumber_8836 SquareNumber_324 SquareNumber_8281 SquareNumber_4624 SquareNumber_400 SquareNumber_1296 SquareNumber_8281 SquareNumber_144 SquareNumber_1369 SquareNumber_625
SquareNumber_2704 SquareNumber_6889 SquareNumber_484 SquareNumber_3249 SquareNumber_484 SquareNumber_121 SquareNumber_2401 SquareNumber_9 SquareNumber_2209 SquareNumber_121
SquareNumber_1225 SquareNumber_2116 SquareNumber_961 SquareNumber_4356 SquareNumber_225 SquareNumber_7396 SquareNumber_64 SquareNumber_676 SquareNumber_361 SquareNumber_2809
SquareNumber_6724 SquareNumber_1936 SquareNumber_2209 SquareNumber_225 SquareNumber_9409 SquareNumber_8649 SquareNumber_100 SquareNumber_7921 SquareNumber_7569 SquareNumber_3364
SquareNumber_2209 SquareNumber_1444 SquareNumber_7569 SquareNumber_2116 SquareNumber_5184 SquareNumber_3481 SquareNumber_676 SquareNumber_484 SquareNumber_4096 SquareNumber_3721
SquareNumber_225 SquareNumber_16 SquareNumber_2704 SquareNumber_625 SquareNumber_1369 SquareNumber_961 SquareNumber_676 SquareNumber_1089 SquareNumber_1156 SquareNumber_900
SquareNumber_4 SquareNumber_9 SquareNumber_625 SquareNumber_8836 SquareNumber_5041 SquareNumber_3721 SquareNumber_2116 SquareNumber_441 SquareNumber_4 SquareNumber_225
SquareNumber_900 SquareNumber_7744 SquareNumber_3721 SquareNumber_5776 SquareNumber_784 SquareNumber_1764 SquareNumber_5476 SquareNumber_3364 SquareNumber_9409 SquareNumber_4225
SquareNumber_6084 SquareNumber_784 SquareNumber_1600 SquareNumber_9216 SquareNumber_4624 SquareNumber_484 SquareNumber_1156 SquareNumber_6889 SquareNumber_289 SquareNumber_256
SquareNumber_676 SquareNumber_576 SquareNumber_2304 SquareNumber_1681 SquareNumber_2116 SquareNumber_7056 SquareNumber_3721 SquareNumber_3844 SquareNumber_9025 SquareNumber_2601
pitbull dogs pitbull dogs thoroughbred dog eukaryotic predatoryanimal multicellular zoo
fleshly animal welfare object object eukaryotic animalkingdom metazoan reptile sheep demon
ladybug cats wildlife porifera livestock reptiles fleshly bird iguana poikilotherm
animatebeing tiger frog carnal mammals feline frog dog exoticanimals iguana
rabbit invertebrate bear reptiles hourse shelter fauna exoticanimals animalkingdom birds
mammals tufted zoo iguana fleshly livestock scavenger epizootic birds animal welfare
shelter marineanimal pet plant marineanimal demon pigs reptiles jellyfish puppy
llamas dog zoology amphibians animals amphibians varmint thoroughbred deer epizootic
animal welfare insect poikilotherm tufted chordate wild pig livestock sheep workanimal
biped animatebeing beast jellyfish dogs zooplankton vertebrate animatebeing mammals vegan
farming multicellular elephants metazoan dinosaur fleshly carnivore cat bird llamas
WhiteSmoke DarkViolet BlanchedAlmond Sienna LimeGreen HotPink Seashell LightGray OliveDrab LightGreen
DarkGoldenrod PeachPuff LightSeaGreen LightYellow HotPink Linen Cornsilk LightGreen Salmon SkyBlue
Seashell LavenderBlush Purple MidnightBlue Khaki Gray LightCoral Salmon LightGray SkyBlue
Goldenrod Khaki DarkKhaki DarkOrchid PaleTurquoise Feldspar Silver Turquoise Cornsilk ForestGreen
DarkTurquoise OliveDrab OliveDrab Red Plum Cyan LightYellow PeachPuff PeachPuff PowderBlue
CadetBlue SeaGreen DarkGreen Lavender IndianRed DarkViolet GhostWhite LightSlateBlue Black White
SteelBlue Beige GreenYellow Blue Yellow Silver Gold Thistle Salmon MediumBlue
Azure LightGoldenrod LightCoral LightCoral Chartreuse Crimson DarkGreen Pink DarkSalmon PowderBlue
VioletRed Chartreuse MintCream DarkSalmon DeepSkyBlue DarkOliveGreen Goldenrod LightGoldenrodYellow SlateBlue Yellow
MintCream PaleGoldenrod DarkBlue MidnightBlue Coral Purple Aquamarine MediumSlateBlue LavenderBlush Chocolate
Silver Honeydew Aquamarine Gainsboro NavajoWhite Pink PaleGoldenrod DarkSalmon Snow LightGray
