Loganberry Orange Plum Yuzu Orange Loganberry Salmonberry Currant Lulo Açaí
Prune Cherry Satsuma Sapodilla Nectarine Cloudberry Tamarind Blueberry Elderberry Pomegranate
Elderberry Loquat Avocado Date Boysenberry Redcurrant Durian Avocado Avocado Kiwifruit
Boysenberry Cempedak Sapodilla Lime Loganberry Araza Date Currant Gooseberry Peach
Mango Jostaberry Abiu Satsuma Passionfruit Tangerine Gooseberry Apple Fig Tamarillo
Raspberry Gooseberry Breadfruit Pomegranate Feijoa Strawberry Kiwifruit Elderberry Kumquat Pawpaw
Longan Tangerine Kiwifruit Plantain Honeydew Tamarind Blueberry Satsuma Banana Yuzu
Pawpaw Bilberry Grapefruit Jostaberry Redcurrant Blackcurrant Strawberry Pomegranate Quince Lemon
Watermelon Mulberry Clementine Cranberry Tangelo Raisin Avocado Quince Açaí Araza
Papaya Mangosteen Pomelo Kiwifruit Coconut Pomelo Quince Honeyberry Cloudberry Mulberry
Satsuma Blackcurrant Elderberry Grapefruit Soursop Coconut Cloudberry Plumcot Banana Jujube
bpm clarinet hip art music metal opera euphony ska hip artists
speak bhangra popular music soul rhapsody label tongue favorite cello voices
vinyl instrument tweedle monophony sforzando bugle voice voice vibe podcasts
metre subtonic performance sfx flute language noises classical albums singing
bassline schubert work saxophone sounds tempo solmizate cadence prelude cello
tempo melodies playlists tune trumpet chorus roulade voice polyphony atonal
label modulate soulful tune dance bugle songwriter composer part story
videos mediant soundtrack muse merch metre lights rag speak polyphony
karaoke drum editing opera fugue culture poetry piano clarion spotify
club singers singing accompaniment culture albums media saxophone prelude popular music
texture songwriter mediant films euphony lights folk playing popular music recording
tasty ashamed hilarious super blue-eyed silly bewildered ugliest blue brave
crazy depressed glamorous happy plain outstanding brave eager dead agreeable
crazy outstanding wrong charming careful ugliest embarrassed beautiful helpless shiny
misty dull handsome cloudy condemned awful light evil prickly witty
lazy blue-eyed perfect joyous stupid super tired pleasant eager drab
fine plain clumsy mushy filthy crowded tasty long amused pleasant
fragile wrong dull cheerful vast lucky good dangerous zany scary
lazy vivacious zany famous wrong successful worried witty wild condemned
perfect gorgeous cautious concerned grumpy cheerful difficult black shiny splendid
wrong important nutty kind brave plain motionless enthusiastic wide-eyed modern
cautious fragile expensive clear awful pleasant arrogant amused magnificent bright
nutrient milk cheese meat nutrition meat beef edible restaurant edible
chicken meals pasta nourishment meal sushi provender seafood nourishment cereal
cereal nutrient fruits vegetables fruit cereal drinks plant nutrient eat vegetable
vegetable restaurant provender cooking cereal drinks pasta meal seafood plant
fruit cooking edible fruits vegetables eat cheese soup pasta meals eat
milk eat eat restaurant meal chicken nutrient nutrient cooking meals
pasta beef edible animal meat animal cheese victuals provender rice
meals beef edible fruits vegetables fruits vegetables eat nourishment meat plant cheese
soup nutrient fruit meal edible meals nourishment beef pasta meals
animal sushi nourishment victuals nourishment meal milk cereal victuals rice
cheese meal beef animal milk milk nourishment provender meal chicken
fauna animalkingdom scavenger wild creature multicellular environmental superdog animatebeing multicellular
demon varmint vertebrate fantasy carnal insectivorous pitbull elephants object porifera
rabbit chordate sensual sensual hourse darter shelter marineanimal pups pet
workanimal iguana epizootic carnal deer bug birds bug tame rabbit
tame insect carnal predatoryanimal animal welfare beast darter clams reptiles chickens
invertebrate iguana birds bear puppy sensual pups pups insectivorous environmental
zooplankton bug raccoon epizootic deer insects llamas wildlife llamas marineanimal
bobcat livestock dogs pigs vegan vegan reptile superdog heterotroph pups
monster environmental birds tiger insectivore elephants meat insectivorous vegan protist
mammals animalkingdom eukaryotic ladybug animals tufted wild porifera animal welfare bug
animalia chordate frog pups carnivore vertebrate multicellular insectivore insect pitbull
goal activity luge horseracing movement feature team horseracing boulder basketball
waterski skiing teams league esports players competition hunters music recreation
athletes standard activity skateboarding lark concert disport hobbies music feature
sport activity frolic esports physical snowboarding show skiing boulder performance
lifestyle rugby dive rollick offside play athletes gymnastics tournament casual
coach ski martial combat hobbies athletic basketball frolic referee team
boast sportaccord funambulism video entertainment feature dirt skateboarding fun entertainment
downfield basketball hockey esport class club racing judo ineligible industry
supersport tradition fun exercise shoot sport fitness martial competitive kill
fast goal music soccer players events motorcycling exercises entertainment entertainment
yoga recreation martial utility extracurricular sports football entertainment athletes tournament
SquareNumber_900 SquareNumber_1225 SquareNumber_1156 SquareNumber_3600 SquareNumber_3364 SquareNumber_676 SquareNumber_4 SquareNumber_9 SquareNumber_3025 SquareNumber_1089
SquareNumber_1936 SquareNumber_225 SquareNumber_2116 SquareNumber_7569 SquareNumber_6889 SquareNumber_9801 SquareNumber_361 SquareNumber_3025 SquareNumber_64 SquareNumber_169
SquareNumber_625 SquareNumber_4 SquareNumber_7921 SquareNumber_4624 SquareNumber_3600 SquareNumber_2809 SquareNumber_2401 SquareNumber_2809 SquareNumber_7056 SquareNumber_961
SquareNumber_9025 SquareNumber_5929 SquareNumber_9801 SquareNumber_7056 SquareNumber_3364 SquareNumber_6084 SquareNumber_5329 SquareNumber_324 SquareNumber_1600 SquareNumber_1600
SquareNumber_441 SquareNumber_1936 SquareNumber_9801 SquareNumber_1444 SquareNumber_9 SquareNumber_2209 SquareNumber_49 SquareNumber_3844 SquareNumber_4 SquareNumber_6724
SquareNumber_4225 SquareNumber_1600 SquareNumber_8281 SquareNumber_169 SquareNumber_2401 SquareNumber_9025 SquareNumber_6724 SquareNumber_25 SquareNumber_3600 SquareNumber_8281
SquareNumber_3136 SquareNumber_4096 SquareNumber_1369 SquareNumber_4489 SquareNumber_4225 SquareNumber_4624 SquareNumber_729 SquareNumber_676 SquareNumber_625 SquareNumber_1936
SquareNumber_3136 SquareNumber_9216 SquareNumber_2916 SquareNumber_3721 SquareNumber_64 SquareNumber_81 SquareNumber_25 SquareNumber_25 SquareNumber_1444 SquareNumber_64
SquareNumber_1156 SquareNumber_3969 SquareNumber_2025 SquareNumber_2500 SquareNumber_4624 SquareNumber_676 SquareNumber_625 SquareNumber_400 SquareNumber_7396 SquareNumber_64
SquareNumber_289 SquareNumber_6724 SquareNumber_9409 SquareNumber_100 SquareNumber_6724 SquareNumber_1089 SquareNumber_1521 SquareNumber_400 SquareNumber_256 SquareNumber_2209
SquareNumber_2401 SquareNumber_4624 SquareNumber_1296 SquareNumber_9409 SquareNumber_3721 SquareNumber_2025 SquareNumber_2704 SquareNumber_2304 SquareNumber_4225 SquareNumber_8281
BinaryNumber_1001010 BinaryNumber_0100101 BinaryNumber_0110110 BinaryNumber_1010111 BinaryNumber_0011011 BinaryNumber_0000000 BinaryNumber_0010111 BinaryNumber_0000100 BinaryNumber_0100100 BinaryNumber_0111000
BinaryNumber_0100111 BinaryNumber_1000110 BinaryNumber_0111101 BinaryNumber_1001111 BinaryNumber_1011111 BinaryNumber_0110100 BinaryNumber_1010110 BinaryNumber_0101101 BinaryNumber_0100000 BinaryNumber_0101010
BinaryNumber_1011000 BinaryNumber_0010110 BinaryNumber_0100011 BinaryNumber_0100001 BinaryNumber_0100100 BinaryNumber_0010010 BinaryNumber_1000101 BinaryNumber_1010000 BinaryNumber_1000111 BinaryNumber_0000001
BinaryNumber_1011010 BinaryNumber_0001001 BinaryNumber_0100110 BinaryNumber_0001000 BinaryNumber_0011110 BinaryNumber_0110010 BinaryNumber_1000000 BinaryNumber_1000101 BinaryNumber_1001100 BinaryNumber_0101001
BinaryNumber_0111010 BinaryNumber_1000010 BinaryNumber_0000110 BinaryNumber_0110100 BinaryNumber_1001010 BinaryNumber_0111001 BinaryNumber_1011100 BinaryNumber_0011101 BinaryNumber_0110100 BinaryNumber_0101111
BinaryNumber_0000000 BinaryNumber_0000001 BinaryNumber_0101100 BinaryNumber_0101010 BinaryNumber_0100110 BinaryNumber_0101011 BinaryNumber_1011100 BinaryNumber_1100011 BinaryNumber_0011101 BinaryNumber_0110011
BinaryNumber_0101001 BinaryNumber_0100100 BinaryNumber_1011010 BinaryNumber_0110000 BinaryNumber_1000111 BinaryNumber_0010010 BinaryNumber_1001100 BinaryNumber_0000111 BinaryNumber_0011011 BinaryNumber_0010011
BinaryNumber_0100111 BinaryNumber_0010001 BinaryNumber_0111111 BinaryNumber_1010101 BinaryNumber_0001101 BinaryNumber_0101010 BinaryNumber_0101000 BinaryNumber_0101010 BinaryNumber_0000001 BinaryNumber_1000011
BinaryNumber_1000111 BinaryNumber_0001111 BinaryNumber_0110010 BinaryNumber_1100001 BinaryNumber_0011100 BinaryNumber_0010111 BinaryNumber_1001000 BinaryNumber_1010011 BinaryNumber_0111000 BinaryNumber_0111010
BinaryNumber_0011001 BinaryNumber_1011010 BinaryNumber_0001100 BinaryNumber_1010001 BinaryNumber_0011011 BinaryNumber_0110011 BinaryNumber_0000110 BinaryNumber_1100000 BinaryNumber_0011100 BinaryNumber_1001101
BinaryNumber_1011100 BinaryNumber_1010001 BinaryNumber_1001110 BinaryNumber_0000111 BinaryNumber_0011000 BinaryNumber_0101110 BinaryNumber_1010111 BinaryNumber_0010000 BinaryNumber_1011010 BinaryNumber_1100010
Firebrick DarkSalmon MistyRose Goldenrod Sienna LemonChiffon Aquamarine GreenYellow Sienna DarkGoldenrod
Tan Moccasin Feldspar SaddleBrown MintCream LightSkyBlue AliceBlue LimeGreen Burlywood Bisque
Coral Gray DarkOrchid Orchid OldLace DarkBlue MediumSpringGreen DimGray Navy Fuchsia
Coral MediumAquamarine MediumTurquoise OrangeRed LightGoldenrod Plum ForestGreen GhostWhite CadetBlue HotPink
Tan BlanchedAlmond ForestGreen Orange DarkGoldenrod MediumTurquoise BlueViolet BlueViolet SlateBlue DarkOrchid
LavenderBlush DodgerBlue CadetBlue DarkRed OliveDrab DeepSkyBlue Black Orange SpringGreen PaleGreen
Feldspar LightGoldenrodYellow Goldenrod Indigo LightSeaGreen Ivory Indigo PaleGreen Moccasin SandyBrown
DeepSkyBlue SpringGreen Indigo ForestGreen Yellow PeachPuff PaleGoldenrod CornflowerBlue DarkBlue Cornsilk
PaleTurquoise MediumOrchid LightGreen LightSalmon LawnGreen DarkFuchsia GreenYellow Azure MediumTurquoise Snow
Azure DodgerBlue LightCoral DarkKhaki MistyRose PaleGoldenrod Pink RoyalBlue DarkCyan GreenYellow
Snow HotPink SandyBrown MediumSpringGreen MediumBlue Maroon LawnGreen Fuchsia DarkTurquoise MediumPurple
