Plumcot Jackfruit Loganberry Akebi Apricot Mandarine Loganberry Tamarillo Coconut Cherimoya
Bilberry Mango Cloudberry Cherimoya Guava Ximenia Jostaberry Lulo Pomelo Nance
Nance Nectarine Breadfruit Kumquat Pineberry Pomegranate Ximenia Grapefruit Melon Ximenia
Breadfruit Loganberry Blackcurrant Quince Pineapple Gooseberry Jujube Plum Salmonberry Loquat
Prune Gooseberry Fig Elderberry Bilberry Rambutan  Nance Plumcot Sapote Pineberry
Pawpaw Prune Grape Durian Pineapple Blueberry Honeyberry Soursop Melon Elderberry
Feijoa Kiwano Breadfruit Loquat Prune Plantain Sapodilla Gooseberry Blueberry Huckleberry
Mangosteen Sapodilla Pineberry Apricot Lime Longan Blackberry Guava Pineapple Jostaberry
Mangosteen Pomelo Pomegranate Damson Blackcurrant Lemon Grapefruit Pawpaw Canistel Cempedak
Tamarillo Longan Strawberry Araza Abiu Pomegranate Strawberry Ackee Araza Kumquat
Blackberry Durian Açaí Apricot Tamarind Currant Watermelon Jackfruit Mango Acerola
PrimeNumber_283 PrimeNumber_73 PrimeNumber_389 PrimeNumber_461 PrimeNumber_359 PrimeNumber_337 PrimeNumber_487 PrimeNumber_449 PrimeNumber_337 PrimeNumber_47
PrimeNumber_157 PrimeNumber_491 PrimeNumber_293 PrimeNumber_67 PrimeNumber_491 PrimeNumber_449 PrimeNumber_281 PrimeNumber_61 PrimeNumber_23 PrimeNumber_227
PrimeNumber_263 PrimeNumber_379 PrimeNumber_157 PrimeNumber_229 PrimeNumber_157 PrimeNumber_181 PrimeNumber_211 PrimeNumber_37 PrimeNumber_457 PrimeNumber_439
PrimeNumber_239 PrimeNumber_193 PrimeNumber_313 PrimeNumber_103 PrimeNumber_41 PrimeNumber_79 PrimeNumber_223 PrimeNumber_59 PrimeNumber_457 PrimeNumber_223
PrimeNumber_509 PrimeNumber_73 PrimeNumber_383 PrimeNumber_331 PrimeNumber_79 PrimeNumber_163 PrimeNumber_131 PrimeNumber_467 PrimeNumber_73 PrimeNumber_359
PrimeNumber_389 PrimeNumber_53 PrimeNumber_379 PrimeNumber_41 PrimeNumber_101 PrimeNumber_59 PrimeNumber_199 PrimeNumber_433 PrimeNumber_83 PrimeNumber_541
PrimeNumber_271 PrimeNumber_509 PrimeNumber_11 PrimeNumber_233 PrimeNumber_223 PrimeNumber_419 PrimeNumber_491 PrimeNumber_367 PrimeNumber_373 PrimeNumber_509
PrimeNumber_271 PrimeNumber_509 PrimeNumber_487 PrimeNumber_131 PrimeNumber_257 PrimeNumber_19 PrimeNumber_239 PrimeNumber_31 PrimeNumber_103 PrimeNumber_547
PrimeNumber_83 PrimeNumber_83 PrimeNumber_19 PrimeNumber_463 PrimeNumber_503 PrimeNumber_389 PrimeNumber_277 PrimeNumber_233 PrimeNumber_179 PrimeNumber_179
PrimeNumber_383 PrimeNumber_239 PrimeNumber_23 PrimeNumber_431 PrimeNumber_433 PrimeNumber_313 PrimeNumber_499 PrimeNumber_277 PrimeNumber_29 PrimeNumber_137
PrimeNumber_383 PrimeNumber_431 PrimeNumber_433 PrimeNumber_13 PrimeNumber_61 PrimeNumber_269 PrimeNumber_239 PrimeNumber_503 PrimeNumber_139 PrimeNumber_29
dogs chickens insect chickens vegan zoo mammal pig ladybug animals
beast biped marineanimal scavenger rodent epizootic feline tufted livestock dog
poikilotherm creature environmental raccoon workanimal eukaryotic marineanimal cats jellyfish sheep
pitbull scavenger chickens hourse vegan tufted reptile cats puppy workanimal
insect epizootic feline animals metazoan heterotroph fleshly jellyfish bird wild
octopuses animal welfare fantasy pet reptile insectivorous frog biped primate insectivore
epizootic darter darter rabbit feline porifera pigs marineanimal pitbull zoology
animals domesticate carnal dogs insectivorous rabbit feline invertebrate mammals varmint
reptile zooplankton pet elephants animals object cats chickens cat tufted
pet monster marineanimal biped plant epizootic animatebeing tiger livestock workanimal
tufted metazoan hourse porifera shelter livestock llamas wildlife animatebeing animalia
hilarious cautious weary concerned cooperative plain determined cruel innocent distinct
famous zealous charming bewildered better thankful foolish outstanding bright jittery
rich funny jittery cooperative talented puzzled clumsy confused different panicky
thoughtful faithful stupid creepy dull cute uninterested puzzled outstanding adventurous
different puzzled crowded stormy average envious worrisome old-fashioned gentle annoyed
mushy defiant anxious blushing graceful thoughtless quaint frantic difficult nervous
strange calm dark tense unsightly brainy eager vast tense panicky
blue joyous nasty nervous sleepy nice clumsy poised dizzy wrong
terrible encouraging depressed handsome innocent vivacious fantastic grieving odd nervous
clever difficult hungry calm itchy confused graceful terrible frantic talented
annoying uninterested uptight comfortable mushy elegant nice shy horrible long
obscure saga conceal massive beleaguer influence coercion engagement collaboration authoritarian
deflect empire solicit fray prestidigitation tarnish sloth massive tainted chicanery
intimidation bribe refute covert coterie deny temptation deflect reckless acolyte
prestidigitation allegation integrity assail hypocrisy plutocracy unethical prestidigitation covert expose
extortion prestidigitation plutocracy cadre recrimination defamation deflect conceal debacle persecution
patriarchy deflect alliance resignation retaliation scapegoat fiasco acolyte fray alliance
obscure retaliation chicanery tainted covert blame massive refute benefit privilege
scandal beleaguer refute scapegoat malfeasance endorsement opportunist benefit blame acolyte
beleaguer extortion collaboration prestidigitation illegal tarnish empire feud empire beleaguer
unethical expose authoritarian ignorant collaboration lobby allegation scandalous solicit integrity
conceal chicanery dictatorship scandalous proxy recrimination infringement expose collaboration endorsement
DeepSkyBlue Moccasin IndianRed Chartreuse Violet Linen Lavender Blue MediumAquamarine SlateGray
RosyBrown Honeydew Indigo OrangeRed OliveDrab SeaGreen NavajoWhite Tan Black DarkOrchid
OrangeRed Firebrick Cornsilk MediumSeaGreen SaddleBrown SteelBlue Cyan DeepPink DarkGoldenrod Fuchsia
PowderBlue Cornsilk AliceBlue Cornsilk LightPink AntiqueWhite DodgerBlue LightSlateGray Brown DarkGreen
Gold Purple Wheat BlanchedAlmond MediumSpringGreen Linen LightGreen DarkOrchid MediumSpringGreen Pink
VioletRed Plum MistyRose CornflowerBlue Burlywood DarkViolet DarkBlue LightCoral AntiqueWhite LemonChiffon
DarkGray Green Azure Gainsboro PeachPuff LemonChiffon IndianRed AntiqueWhite OliveDrab DimGray
Khaki LightSlateGray Gray Coral DeepPink SaddleBrown SandyBrown LightSlateGray CadetBlue Seashell
Violet LightSalmon LightSkyBlue Honeydew DarkKhaki Feldspar DarkSlateGray Beige BlanchedAlmond MediumOrchid
DarkOrchid DarkGray Silver Black Thistle Plum Feldspar Firebrick LightSlateGray MintCream
Silver Firebrick CadetBlue DeepSkyBlue Sienna DarkOrchid Lime Red LightCyan SlateBlue
SquareNumber_5625 SquareNumber_5476 SquareNumber_4225 SquareNumber_1444 SquareNumber_324 SquareNumber_576 SquareNumber_8100 SquareNumber_961 SquareNumber_2116 SquareNumber_7744
SquareNumber_4096 SquareNumber_6561 SquareNumber_5476 SquareNumber_4624 SquareNumber_9604 SquareNumber_2116 SquareNumber_100 SquareNumber_6724 SquareNumber_4356 SquareNumber_4225
SquareNumber_25 SquareNumber_4 SquareNumber_1936 SquareNumber_324 SquareNumber_1296 SquareNumber_7056 SquareNumber_256 SquareNumber_4 SquareNumber_225 SquareNumber_2601
SquareNumber_100 SquareNumber_225 SquareNumber_3969 SquareNumber_1296 SquareNumber_6084 SquareNumber_7569 SquareNumber_4096 SquareNumber_625 SquareNumber_225 SquareNumber_1444
SquareNumber_529 SquareNumber_2809 SquareNumber_9 SquareNumber_9216 SquareNumber_2304 SquareNumber_3249 SquareNumber_8836 SquareNumber_4761 SquareNumber_7744 SquareNumber_2601
SquareNumber_676 SquareNumber_6724 SquareNumber_729 SquareNumber_841 SquareNumber_961 SquareNumber_25 SquareNumber_5625 SquareNumber_3844 SquareNumber_144 SquareNumber_2500
SquareNumber_6561 SquareNumber_7396 SquareNumber_9216 SquareNumber_6724 SquareNumber_4624 SquareNumber_2500 SquareNumber_961 SquareNumber_729 SquareNumber_576 SquareNumber_1296
SquareNumber_4356 SquareNumber_7744 SquareNumber_7744 SquareNumber_9025 SquareNumber_5476 SquareNumber_169 SquareNumber_529 SquareNumber_1444 SquareNumber_1936 SquareNumber_3249
SquareNumber_36 SquareNumber_7921 SquareNumber_49 SquareNumber_841 SquareNumber_6889 SquareNumber_6889 SquareNumber_1156 SquareNumber_3136 SquareNumber_5476 SquareNumber_8649
SquareNumber_2916 SquareNumber_1600 SquareNumber_4096 SquareNumber_2916 SquareNumber_2401 SquareNumber_3364 SquareNumber_289 SquareNumber_16 SquareNumber_1600 SquareNumber_5329
SquareNumber_196 SquareNumber_5625 SquareNumber_3969 SquareNumber_49 SquareNumber_2025 SquareNumber_7921 SquareNumber_1296 SquareNumber_784 SquareNumber_5329 SquareNumber_2809
cheese drinks rice restaurant fruit provender meals cheese eat restaurant
nutrition victuals restaurant rice drinks nutrition nutrition edible victuals restaurant
animal nutrition edible drinks nourishment beef meals nutrient pasta fruits vegetables
meals nourishment meals nutrient milk meals provender soup meat cheese
soup eat sushi pasta soup nutrient fruit cheese seafood seafood
animal provender nourishment fruit nutrition plant cereal rice meat animal
provender meal drinks beef nourishment cereal fruits vegetables milk fruit nutrition
plant animal vegetable pasta edible nutrient seafood eat nourishment nourishment
victuals pasta sushi provender cooking milk fruit nutrition edible edible
milk soup animal pasta soup nutrition soup milk provender animal
fruits vegetables vegetable rice cheese milk seafood rice beef milk cereal
Pharynx Cornea Cochlea Lips Tongue skeleton Outerear Cochlea Bronchi Brain
Earlobe Tastebuds Vagina Ileum Larynx Teeth Urethra Arteries Veins Jejunum
Cerebrum Smallintestine skeleton Pharynx Uterus Ureter Scrotum Tongue Kidneys Pharynx
Ganglia Gallbladder Iris Spinalnerves Trachea Scrotum Bronchi Gallbladder Midbrain Uterus
Analcanal Heart Innerear Earlobe Fallopiantubes Ossicles Analcanal Sensoryorgans Larynx Jejunum
Brain Pharynx Analcanal Rectum Largeintestine skeleton Lips Thalamus Trachea Outerear
Cerebellum Teeth Brain Sensoryorgans Capillaries Tastebuds Heart Muscle Smallintestine Teeth
Ganglia Lens Bladder Lungs Hypothalamus Heart Sensoryorgans Vulva Ciliarybody Capillaries
Cerebrum Pharynx Mouth Pancreas Joints Lymphaticvessel Tastebuds Clitoris Pharynx Pharynx
Urethra Cerebellum Capillaries Ureter Cornea Midbrain Pancreas Ovaries Tongue Tongue
Ureter Iris Thalamus Ligaments Cervix Trachea Penis Eardrum Bronchi Innerear
