Abiu Fig Cranberry Damson Apricot Melon Cantaloupe Sapote Lemon Cranberry
Abiu Boysenberry Cherry Cranberry Mandarine Açaí Apple Mandarine Grapefruit Lemon
Cantaloupe Cantaloupe Jujube Nectarine Cherimoya Watermelon Akebi Boysenberry Currant Pawpaw
Canistel Avocado Apple Loganberry Jackfruit Grape Gooseberry Loquat Persimmon Coconut
Ximenia Sapodilla Canistel Blackcurrant Cashew Peach Plumcot Raspberry Loganberry Lemon
Honeyberry Redcurrant Prune Raspberry Cherry Grape Passionfruit Pineberry Canistel Cashew
Coconut Mandarine Plumcot Lemon Redcurrant Jackfruit Passionfruit Pomelo Feijoa Cantaloupe
Jackfruit Apricot Loganberry Boysenberry Apricot Grapefruit Honeydew Honeyberry Watermelon Pomegranate
Lulo Guava Akebi Mulberry Sapodilla Longan Salmonberry Cempedak Rambutan  Blackberry
Cherry Kiwifruit Strawberry Sapodilla Tayberry Jambul Salak Loquat Damson Durian
Salak Bilberry Tayberry Ackee Tamarillo Durian Araza Cempedak Grapefruit Canistel
PrimeNumber_37 PrimeNumber_269 PrimeNumber_47 PrimeNumber_73 PrimeNumber_59 PrimeNumber_293 PrimeNumber_467 PrimeNumber_151 PrimeNumber_139 PrimeNumber_17
PrimeNumber_97 PrimeNumber_199 PrimeNumber_179 PrimeNumber_67 PrimeNumber_127 PrimeNumber_509 PrimeNumber_131 PrimeNumber_149 PrimeNumber_157 PrimeNumber_157
PrimeNumber_109 PrimeNumber_103 PrimeNumber_367 PrimeNumber_139 PrimeNumber_239 PrimeNumber_223 PrimeNumber_367 PrimeNumber_547 PrimeNumber_347 PrimeNumber_337
PrimeNumber_479 PrimeNumber_307 PrimeNumber_199 PrimeNumber_3 PrimeNumber_367 PrimeNumber_499 PrimeNumber_241 PrimeNumber_31 PrimeNumber_193 PrimeNumber_317
PrimeNumber_3 PrimeNumber_191 PrimeNumber_397 PrimeNumber_509 PrimeNumber_229 PrimeNumber_431 PrimeNumber_149 PrimeNumber_13 PrimeNumber_337 PrimeNumber_269
PrimeNumber_439 PrimeNumber_149 PrimeNumber_179 PrimeNumber_293 PrimeNumber_59 PrimeNumber_139 PrimeNumber_359 PrimeNumber_541 PrimeNumber_317 PrimeNumber_409
PrimeNumber_409 PrimeNumber_467 PrimeNumber_101 PrimeNumber_307 PrimeNumber_7 PrimeNumber_59 PrimeNumber_113 PrimeNumber_277 PrimeNumber_149 PrimeNumber_271
PrimeNumber_457 PrimeNumber_67 PrimeNumber_127 PrimeNumber_293 PrimeNumber_109 PrimeNumber_103 PrimeNumber_43 PrimeNumber_431 PrimeNumber_227 PrimeNumber_181
PrimeNumber_457 PrimeNumber_347 PrimeNumber_59 PrimeNumber_521 PrimeNumber_449 PrimeNumber_479 PrimeNumber_271 PrimeNumber_293 PrimeNumber_139 PrimeNumber_409
PrimeNumber_2 PrimeNumber_61 PrimeNumber_409 PrimeNumber_547 PrimeNumber_223 PrimeNumber_67 PrimeNumber_179 PrimeNumber_223 PrimeNumber_307 PrimeNumber_101
PrimeNumber_479 PrimeNumber_101 PrimeNumber_89 PrimeNumber_503 PrimeNumber_41 PrimeNumber_107 PrimeNumber_149 PrimeNumber_103 PrimeNumber_137 PrimeNumber_293
insectivorous pet rabbit animals bug pig meat biped feline feline
vegan mammals jellyfish shelter animalia sensual vertebrate eukaryotic embryo exoticanimals
thoroughbred predatoryanimal pig sensual clams pups shelter monster bug pups
plant chickens biped jellyfish plant dogs shelter invertebrate ladybug mammals
zoology rabbit zoo pups insect animalia mammals protist amphibians wildlife
insect carnal invertebrate insects meat insects jellyfish insects deer epizootic
insects bug predatoryanimal superdog puppy meat jellyfish predatoryanimal mammals amphibians
hourse insectivore beast mythical amphibians scavenger environmental carnivore animal welfare mythical
tufted reptile epizootic livestock fish cat domesticate embryo creature thoroughbred
fauna exoticanimals eukaryotic fish cats rabbit rodent frog puppy fish
multicellular birds shelter metazoan invertebrate cat dogs creature elephants shelter
tense hurt clean upset troubled helpless plain uninterested misty uninterested
fine troubled funny brainy cheerful powerful awful rich wandering adventurous
lively anxious doubtful itchy doubtful elegant wild evil annoying courageous
wandering ugliest upset evil filthy inexpensive cruel different better brave
clever powerful witty dead expensive proud helpless weary charming blue
witty homeless annoyed arrogant friendly unsightly cloudy angry ashamed annoyed
drab witty friendly charming cloudy defeated helpful bewildered encouraging difficult
enthusiastic nutty envious outstanding delightful nutty frantic rich worried blue-eyed
precious smiling friendly glorious unusual bored odd blue nutty confused
eager breakable wandering helpless lively frightened nutty blue-eyed anxious tender
stupid fair unusual selfish hungry misty ill average alert black
gun structuralism drama punitive tort misdemeanor evidence highjack punishment theft
illegal law-breaking spy gang gangster structuralism law hijack murder gang
highjack prison mystery slay muggings statutory noir gangster justice psychological
prostitution law genocide thrillers homicides legislature legal law-breaking investigation smuggle
shoplift law offenses heist serial drugs skyjack trial corrupt death
guilt punitive homicides jurisdiction cop violence guilty mystery misdemeanour mystery
guilt dark police mob crime pirate criminal trafficking offenders kill
corrupt investigation victim trial criminals threats offence abuse offenders offense
misdemeanor imprisonment barratry thrillers criminal gun criminals drugs fraud homicides
murders justice government country hijack hijack transgression jurisdiction kill felony
drugs gang criminal dark victim tort dark evidence justice forensic
White SlateBlue SaddleBrown PapayaWhip LightGray DarkOrange MediumSlateBlue DarkGray PeachPuff LightCyan
Teal Moccasin LightYellow PaleGoldenrod DarkOrchid Gray Brown AntiqueWhite LightSlateBlue CornflowerBlue
Chocolate MediumVioletRed Chartreuse Azure Seashell LimeGreen LightSlateGray DarkRed DarkCyan Honeydew
MediumBlue DarkKhaki LightBlue Green DarkOrange Moccasin DarkCyan OldLace Aquamarine Chartreuse
LightCyan Fuchsia Chocolate SlateGray LightGoldenrod PeachPuff DarkGray MediumAquamarine LemonChiffon Navy
LightSteelBlue Linen PapayaWhip Silver OldLace SeaGreen Firebrick RoyalBlue Indigo DarkSeaGreen
Feldspar RosyBrown Salmon DodgerBlue Khaki PowderBlue LightGreen GreenYellow Ivory Silver
CornflowerBlue Turquoise Peru Azure DimGray LightGreen Honeydew PaleVioletRed Peru LightSlateGray
AliceBlue Tan LightSeaGreen SpringGreen Gray Khaki DarkKhaki LightGreen GreenYellow Gold
LightSeaGreen Gold OrangeRed DarkCyan Gold PaleGoldenrod DarkFuchsia Blue SaddleBrown Tomato
LightSeaGreen LightGreen MediumAquamarine MediumVioletRed Gold PaleGoldenrod NavajoWhite Brown Thistle DarkKhaki
onerous plagiarism rebut mercurial privilege saga malfeasance authoritarian unethical accusation
illegal tarnish scapegoat defamation saga impunity reputation opportunist corruption recrimination
covert authoritarian chicanery privilege alliance bribe persecution manipulate coercion debacle
chicanery ignorant subterfuge defamation bamboozle fiasco expose retaliation conceal anonymity
onerous resignation benefit reckless bamboozle alliance dictatorship patronage intimidation fray
saga massive temptation solicit opportunist scandalous blame endorsement accusation mendacity
scandalous corruption laconic partial partial regime accusation impunity career coterie
tarnish chicanery empire reckless plutocracy scandal embezzlement tarnish denigrate assail
massive illicit demagogue solicit allegation unethical incident defamation debacle deception
plagiarism bribe demagogue tainted acolyte revelation rebut beleaguer mendacity opportunist
coercion deficit corruption patronage patriarchy covert sloth reckless beleaguer saga
plant milk pasta edible eat victuals seafood beef vegetable beef
provender beef beef provender edible pasta beef provender nutrition meal
nourishment chicken meal nourishment animal pasta nutrition vegetable cereal drinks
drinks cheese eat chicken meals provender nutrition eat provender cereal
beef nourishment meals fruits vegetables meals nutrition cheese rice meal meat
plant beef nutrition pasta beef meals meal chicken fruits vegetables restaurant
pasta fruits vegetables pasta plant provender meal drinks animal provender fruits vegetables
animal cooking vegetable sushi plant cereal meals fruits vegetables cheese victuals
nutrient provender pasta cooking nutrient drinks meat pasta cheese cooking
eat victuals meals nutrient soup eat nourishment plant cheese plant
nutrition seafood vegetable provender sushi fruit animal seafood vegetable nutrient
BinaryNumber_1010000 BinaryNumber_1010101 BinaryNumber_0010001 BinaryNumber_0011101 BinaryNumber_0010001 BinaryNumber_1001011 BinaryNumber_0001101 BinaryNumber_1011001 BinaryNumber_0001111 BinaryNumber_0111111
BinaryNumber_1001100 BinaryNumber_1001101 BinaryNumber_0001101 BinaryNumber_0000011 BinaryNumber_0000100 BinaryNumber_1000011 BinaryNumber_0100001 BinaryNumber_1010110 BinaryNumber_1100011 BinaryNumber_0010111
BinaryNumber_1001100 BinaryNumber_0101001 BinaryNumber_0100100 BinaryNumber_1010100 BinaryNumber_0011101 BinaryNumber_0101101 BinaryNumber_0001001 BinaryNumber_1100000 BinaryNumber_0011111 BinaryNumber_0010110
BinaryNumber_0100110 BinaryNumber_0010111 BinaryNumber_1001000 BinaryNumber_1011000 BinaryNumber_0001101 BinaryNumber_0111010 BinaryNumber_0111000 BinaryNumber_1100000 BinaryNumber_0111011 BinaryNumber_0110010
BinaryNumber_1001011 BinaryNumber_0100101 BinaryNumber_0100110 BinaryNumber_0010011 BinaryNumber_0011110 BinaryNumber_0111011 BinaryNumber_0011000 BinaryNumber_0001010 BinaryNumber_0101100 BinaryNumber_1011111
BinaryNumber_1010010 BinaryNumber_0011111 BinaryNumber_0111000 BinaryNumber_1000101 BinaryNumber_1000000 BinaryNumber_1010111 BinaryNumber_0011101 BinaryNumber_0111011 BinaryNumber_0101000 BinaryNumber_1011001
BinaryNumber_0001111 BinaryNumber_0010111 BinaryNumber_0011001 BinaryNumber_1011010 BinaryNumber_1001000 BinaryNumber_1010010 BinaryNumber_1010010 BinaryNumber_0110110 BinaryNumber_1100001 BinaryNumber_0100010
BinaryNumber_1011011 BinaryNumber_1000101 BinaryNumber_1010001 BinaryNumber_0110000 BinaryNumber_1000011 BinaryNumber_0110110 BinaryNumber_0110110 BinaryNumber_0100110 BinaryNumber_0001111 BinaryNumber_1011111
BinaryNumber_0100011 BinaryNumber_0011001 BinaryNumber_0110010 BinaryNumber_0110101 BinaryNumber_0111110 BinaryNumber_0111010 BinaryNumber_0001010 BinaryNumber_0100001 BinaryNumber_1010011 BinaryNumber_0011011
BinaryNumber_0110110 BinaryNumber_1001111 BinaryNumber_0010101 BinaryNumber_0101011 BinaryNumber_1011011 BinaryNumber_0110110 BinaryNumber_1010000 BinaryNumber_1100001 BinaryNumber_0100000 BinaryNumber_0011001
BinaryNumber_0010010 BinaryNumber_0101100 BinaryNumber_0100100 BinaryNumber_1011000 BinaryNumber_1100001 BinaryNumber_0011010 BinaryNumber_1000011 BinaryNumber_0111110 BinaryNumber_1001101 BinaryNumber_1011000
